{"cameraMode":{"drawMode":0,"name":"Shaded","section":"Shading Mode"},"sceneLighting":false,"audioPlay":false,"sceneViewState":{"showFog":true,"showMaterialUpdate":false,"showSkybox":false,"showFlares":true,"showImageEffects":true,"showParticleSystems":true,"showVisualEffectGraphs":true,"m_FxEnabled":true},"in2DMode":false,"pivot":{"x":-4.39815092086792,"y":2.2738380432128908,"z":-1.4826518297195435},"rotation":{"x":-0.006308447569608688,"y":-0.015902211889624597,"z":0.0001442961220163852,"w":-0.999889075756073},"size":0.7177129983901978,"orthographic":false}