{"cameraMode":{"drawMode":0,"name":"Shaded","section":"Shading Mode"},"sceneLighting":false,"audioPlay":false,"sceneViewState":{"showFog":true,"showMaterialUpdate":false,"showSkybox":false,"showFlares":true,"showImageEffects":true,"showParticleSystems":true,"showVisualEffectGraphs":true,"m_FxEnabled":true},"in2DMode":false,"pivot":{"x":0.2216421216726303,"y":0.13616180419921876,"z":-0.8215053677558899},"rotation":{"x":-0.028794478625059129,"y":0.02908194810152054,"z":-0.0008343891240656376,"w":-0.999173641204834},"size":0.25317150354385378,"orthographic":false}